<?xml version="1.0"?>
<!DOCTYPE package-info SYSTEM "http://www.simplemachines.org/xml/package-info">

<package-info xmlns="http://www.simplemachines.org/xml/package-info" xmlns:smf="http://www.simplemachines.org/">
	<id>Dougiefresh:UnansweredTopics</id>
	<name>Unanswered Topics</name>
	<type>modification</type>
	<version>2.7</version>

	<install for="2.0 - 2.0.99">
		<readme parsebbc="true">readme.txt</readme>
		<code>add_remove_hooks.php</code>
		<require-file name="Subs-Unanswered.php" destination="$sourcedir" />
		<require-file name="Unanswered.php" destination="$sourcedir" />
		<require-file name="Unanswered.english.php" destination="$languagedir" />
		<require-file name="Unanswered.german.php" destination="$languagedir" />
		<require-file name="Unanswered.german-utf8.php" destination="$languagedir" />
		<require-file name="Unanswered.spanish_latin.php" destination="$languagedir" />
		<require-file name="Unanswered.spanish_latin-utf8.php" destination="$languagedir" />
		<require-file name="Unanswered.turkish.php" destination="$languagedir" />
		<require-file name="Unanswered.turkish-utf8.php" destination="$languagedir" />
	</install>
	<uninstall for="2.0 - 2.0.99">
		<remove-file name="$sourcedir/Subs-Unanswered.php" />
		<remove-file name="$sourcedir/Unanswered.php" />
		<remove-file name="$languagedir/Unanswered.english.php" />
		<remove-file name="$languagedir/Unanswered.german.php" />
		<remove-file name="$languagedir/Unanswered.german-utf8.php" />
		<remove-file name="$languagedir/Unanswered.spanish_latin.php" />
		<remove-file name="$languagedir/Unanswered.spanish_latin-utf8.php" />
		<remove-file name="$languagedir/Unanswered.turkish.php" />
		<remove-file name="$languagedir/Unanswered.turkish-utf8.php" />
	</uninstall>

	<install for="2.1 Beta 2">
		<readme parsebbc="true">readme.txt</readme>
		<code>add_remove_hooks.php</code>
		<require-file name="Subs-Unanswered.php" destination="$sourcedir" />
		<require-file name="Unanswered.php" destination="$sourcedir" />
		<require-file name="Unanswered.english.php" destination="$languagedir" />
		<require-file name="Unanswered.german.php" destination="$languagedir" />
		<require-file name="Unanswered.german-utf8.php" destination="$languagedir" />
		<require-file name="Unanswered.spanish_latin.php" destination="$languagedir" />
		<require-file name="Unanswered.spanish_latin-utf8.php" destination="$languagedir" />
		<require-file name="Unanswered.turkish.php" destination="$languagedir" />
		<require-file name="Unanswered.turkish-utf8.php" destination="$languagedir" />
	</install>
	<uninstall for="2.1 Beta 2">
		<remove-file name="$sourcedir/Subs-Unanswered.php" />
		<remove-file name="$sourcedir/Unanswered.php" />
		<remove-file name="$languagedir/Unanswered.english.php" />
		<remove-file name="$languagedir/Unanswered.german.php" />
		<remove-file name="$languagedir/Unanswered.german-utf8.php" />
		<remove-file name="$languagedir/Unanswered.spanish_latin.php" />
		<remove-file name="$languagedir/Unanswered.spanish_latin-utf8.php" />
		<remove-file name="$languagedir/Unanswered.turkish.php" />
		<remove-file name="$languagedir/Unanswered.turkish-utf8.php" />
	</uninstall>
</package-info>